<?xml version="1.0" encoding="UTF-8"?><metadata>
    <idinfo>
        <citation>
            <citeinfo>
                <title>Map</title>
            </citeinfo>
        </citation>
        <descript>
            <abstract/>
            <purpose>Group of layers that represent the city's human and political geographies. Includes: Wards, Neighborhoods.</purpose>
        </descript>
        <keywords>
            <theme>
                <themekt>None</themekt>
                <themekey>Geographies</themekey>
                <themekey>Boundaries</themekey>
                <themekey>Neighborhoods</themekey>
                <themekey>Wards</themekey>
                <themekey>Municipal</themekey>
                <themekey>Newark</themekey>
            </theme>
        </keywords>
        <accconst>None</accconst>
        <useconst/>
        <datacred/>
    </idinfo>
    <metainfo>
        <metstdn>FGDC Content Standard for Digital Geospatial Metadata</metstdn>
        <metstdv>FGDC-STD-001-1998</metstdv>
        <mettc>local time</mettc>
    </metainfo>
</metadata>
