<?xml version="1.0" encoding="UTF-8"?><metadata>
    <idinfo>
        <descript>
            <abstract/>
            <purpose>Census boundaries clipped to the City of Newark, NJ. Includes: Blocks, Block Groups, Tracts, Zip Code Tabulation Areas (ZCTA) and the City of Newark County Subdivision. From 2020 and 2010 US Census TIGER Data.</purpose>
        </descript>
        <keywords>
            <theme>
                <themekt>None</themekt>
                <themekey>Census</themekey>
                <themekey>US Census</themekey>
                <themekey>Geographies</themekey>
                <themekey>Boundaries</themekey>
                <themekey>Tracts</themekey>
                <themekey>Blocks</themekey>
                <themekey>Block Groups</themekey>
                <themekey>Zipcodes</themekey>
            </theme>
        </keywords>
        <accconst>None</accconst>
        <useconst/>
        <datacred/>
    </idinfo>
    <metainfo>
        <metstdn>FGDC Content Standard for Digital Geospatial Metadata</metstdn>
        <metstdv>FGDC-STD-001-1998</metstdv>
        <mettc>local time</mettc>
    </metainfo>
</metadata>
